episode_record_idx,global_step,rooms_visited,episodic_return,episodic_length,gap_steps_since_prev_multiroom,gap_episodes_since_prev_multiroom
10016,4611520,2,400,1387,,
11682,5642592,2,400,1392,1031072,1666
14955,7701152,2,400,2818,2058560,3273
15118,7900512,2,400,1537,199360,163
15189,8028288,4,400,5758,127776,71
15233,8103456,2,400,4389,75168,44
15284,8222720,2,400,4802,119264,51
15348,8328352,2,400,5162,105632,64
15414,8429408,4,400,1863,101056,66
15443,8524864,4,400,5785,95456,29
15461,8577760,4,400,5199,52896,18
15463,8581472,2,400,8022,3712,2
15472,8606880,4,400,5545,25408,9
15478,8621024,4,400,4338,14144,6
15487,8630624,4,400,4376,9600,9
15522,8722016,4,400,1432,91392,35
15524,8723808,2,400,2338,1792,2
15530,8729856,4,400,2547,6048,6
15557,8791264,4,400,2724,61408,27
15744,8969984,5,500,17005,178720,187
15835,9046112,4,400,2967,76128,91
15967,9160800,2,400,1270,114688,132
16000,9191648,4,400,1150,30848,33
16010,9206176,2,400,1315,14528,10
16019,9214048,2,400,1701,7872,9
16026,9221568,2,400,1418,7520,7
16032,9228256,4,400,1076,6688,6
16033,9228768,4,400,1381,512,1
16035,9230656,2,400,1459,1888,2
16080,9278528,4,400,3939,47872,45
16088,9284192,4,400,7110,5664,8
16107,9302336,2,400,1219,18144,19
16300,9438752,4,400,1526,136416,193
16375,9483168,2,400,961,44416,75
16391,9496000,2,400,902,12832,16
16457,9530592,2,400,1141,34592,66
17648,10087168,2,400,956,556576,1191
18595,10586176,2,400,2200,499008,947
18633,10616256,4,400,894,30080,38
18665,10639424,2,400,1102,23168,32
18729,10682400,2,400,1069,42976,64
18788,10722464,4,400,1124,40064,59
19073,10902336,2,400,982,179872,285
19152,10953536,2,400,1436,51200,79
19195,10977312,4,400,10879,23776,43
19210,10984832,2,400,809,7520,15
19813,11281344,4,400,630,296512,603
24408,13156000,4,400,1348,1874656,4595
24478,13203648,2,400,3192,47648,70
24822,13395648,4,400,1413,192000,344
25171,13584352,4,400,591,188704,349
25440,13717856,2,400,661,133504,269
25824,13898048,4,400,6284,180192,384
25872,13918752,2,400,484,20704,48
27190,14481920,2,400,649,563168,1318
31845,16738240,4,400,1399,2256320,4655
31972,16831328,4,400,4397,93088,127
31997,16847104,4,400,754,15776,25
31998,16847264,4,400,881,160,1
32195,17002976,4,400,617,155712,197
32204,17012544,2,400,989,9568,9
32205,17012544,4,400,989,0,1
32241,17038784,4,400,830,26240,36
32244,17042848,4,400,565,4064,3
32261,17058912,4,400,482,16064,17
32295,17083360,4,400,1448,24448,34
32308,17098720,4,400,899,15360,13
32328,17110240,4,0,355,11520,20
32338,17121184,4,400,3390,10944,10
32361,17138240,2,400,1037,17056,23
32379,17150208,2,400,1117,11968,18
32438,17198368,4,400,673,48160,59
32504,17265472,4,400,1241,67104,66
32511,17269152,4,400,1807,3680,7
32512,17269856,4,400,559,704,1
32551,17302496,4,400,942,32640,39
32572,17320480,4,400,1380,17984,21
32588,17338752,2,400,610,18272,16
32589,17338848,2,400,913,96,1
32601,17351328,2,400,963,12480,12
32611,17361984,4,400,722,10656,10
32645,17396608,2,400,1199,34624,34
32661,17412096,4,400,594,15488,16
32697,17456832,2,400,955,44736,36
32698,17457376,2,400,1414,544,1
32708,17465600,4,400,556,8224,10
32713,17472992,2,400,1021,7392,5
32718,17475904,4,400,1775,2912,5
32728,17486752,2,400,1343,10848,10
32736,17491200,4,400,564,4448,8
32743,17502912,2,400,2295,11712,7
32748,17511648,4,400,783,8736,5
32757,17516000,4,400,825,4352,9
32763,17521408,2,400,1145,5408,6
32764,17523296,4,400,1007,1888,1
32780,17539648,2,400,1249,16352,16
32782,17541952,4,400,720,2304,2
32829,17590528,4,400,721,48576,47
32848,17610208,4,400,2370,19680,19
32861,17623296,4,400,2164,13088,13
32876,17636864,2,400,907,13568,15
32887,17645600,2,400,1207,8736,11
32931,17690048,2,400,1138,44448,44
32945,17699936,4,400,647,9888,14
32961,17713632,4,400,2406,13696,16
32986,17743776,2,400,604,30144,25
32990,17746496,4,400,663,2720,4
32993,17748256,4,400,516,1760,3
33029,17792768,2,400,832,44512,36
33046,17816864,4,400,564,24096,17
33052,17823936,4,400,654,7072,6
33059,17831392,4,400,1642,7456,7
33060,17831520,4,400,457,128,1
33096,17869440,2,400,1421,37920,36
33097,17869920,4,400,1189,480,1
33099,17871456,4,400,1397,1536,2
33118,17892096,2,400,692,20640,19
33149,17914048,2,400,815,21952,31
33153,17918784,4,400,639,4736,4
33159,17921728,4,400,678,2944,6
33203,17957344,4,400,928,35616,44
33206,17959040,4,400,791,1696,3
33209,17961376,4,400,576,2336,3
33225,17974560,4,400,1008,13184,16
33244,17988608,4,400,1159,14048,19
33249,17991936,2,400,876,3328,5
33255,17995456,4,400,1064,3520,6
33266,18004448,4,400,533,8992,11
33288,18019744,2,400,742,15296,22
33293,18025312,2,400,528,5568,5
33295,18028288,4,400,596,2976,2
33374,18099104,2,400,590,70816,79
33379,18106336,4,400,860,7232,5
33380,18107904,4,400,1093,1568,1
33381,18107936,4,400,783,32,1
33402,18126880,2,400,539,18944,21
33411,18137888,2,400,936,11008,9
33414,18138400,4,400,2052,512,3
33439,18160288,4,0,430,21888,25
33448,18173792,2,400,1002,13504,9
33457,18183968,4,400,1132,10176,9
33516,18241920,2,400,997,57952,59
33535,18256640,4,400,641,14720,19
33539,18260128,4,400,1750,3488,4
33583,18299296,2,400,689,39168,44
33596,18313760,4,400,1045,14464,13
33599,18316384,4,400,1896,2624,3
33603,18322304,2,400,968,5920,4
33621,18338976,2,400,977,16672,18
33622,18341408,4,400,1029,2432,1
33634,18352672,4,400,801,11264,12
33641,18361504,4,400,958,8832,7
33666,18384672,4,400,1323,23168,25
33668,18388608,4,400,2338,3936,2
33669,18389408,4,400,434,800,1
33670,18392864,2,400,1607,3456,1
33679,18400928,2,400,1937,8064,9
33686,18411520,4,400,1426,10592,7
33687,18411776,2,400,1441,256,1
33689,18413120,4,400,1445,1344,2
33699,18422816,4,400,760,9696,10
33704,18431008,2,400,558,8192,5
33705,18431936,4,400,1458,928,1
33706,18432064,4,400,836,128,1
33709,18435520,4,400,2531,3456,3
33712,18438400,2,400,1016,2880,3
33719,18443712,4,400,1005,5312,7
33722,18446336,4,400,602,2624,3
33723,18446656,2,400,900,320,1
33725,18447872,4,400,1984,1216,2
33726,18448128,4,400,534,256,1
33729,18450112,2,400,852,1984,3
33732,18451968,2,400,1415,1856,3
33734,18457536,4,400,592,5568,2
33740,18460032,2,400,675,2496,6
33741,18460192,4,400,692,160,1
33743,18463168,2,400,688,2976,2
33746,18467104,4,400,612,3936,3
33747,18469760,2,400,1181,2656,1
33749,18472192,2,400,1119,2432,2
33752,18478656,2,400,635,6464,3
33755,18480768,2,400,706,2112,3
33757,18482048,4,400,949,1280,2
33758,18483040,4,400,1228,992,1
33761,18486368,2,400,1019,3328,3
33764,18488096,4,400,1128,1728,3
33769,18490976,4,400,1346,2880,5
33772,18492864,4,400,1358,1888,3
33774,18493376,4,400,4422,512,2
33775,18496192,4,400,535,2816,1
33776,18498464,2,400,1278,2272,1
33779,18500032,4,400,1685,1568,3
33780,18500512,4,400,1311,480,1
33781,18501952,4,400,1681,1440,1
33782,18502080,2,400,594,128,1
33786,18507296,2,400,616,5216,4
33788,18510560,2,400,954,3264,2
33795,18515328,4,400,811,4768,7
33798,18517248,2,400,849,1920,3
33801,18517824,2,400,1864,576,3
33806,18520832,4,400,1000,3008,5
33812,18525984,2,400,1412,5152,6
33814,18528064,4,400,1294,2080,2
33815,18529472,4,400,724,1408,1
33819,18533408,2,400,476,3936,4
33822,18535040,4,400,615,1632,3
33830,18543040,2,400,1014,8000,8
33835,18546720,4,0,844,3680,5
33837,18548352,4,400,633,1632,2
33839,18551008,4,400,1142,2656,2
33840,18551392,4,400,1140,384,1
33843,18552352,2,400,591,960,3
33845,18553728,4,400,866,1376,2
33849,18557152,2,400,1052,3424,4
33856,18560672,2,400,1059,3520,7
33858,18561696,2,400,1006,1024,2
33864,18567360,4,400,882,5664,6
33870,18573344,2,400,685,5984,6
33881,18580192,2,400,838,6848,11
33891,18588064,2,400,631,7872,10
33892,18588832,2,400,684,768,1
33896,18592992,4,400,641,4160,4
33898,18594400,2,400,739,1408,2
33900,18595008,4,400,1110,608,2
33901,18595520,4,400,587,512,1
33904,18597920,2,400,767,2400,3
33906,18599808,4,400,612,1888,2
33910,18603232,2,400,645,3424,4
33912,18604480,2,400,1280,1248,2
33916,18606528,2,400,627,2048,4
33921,18609952,4,400,606,3424,5
33922,18612832,4,400,575,2880,1
33925,18615008,4,400,888,2176,3
33934,18621824,2,400,1030,6816,9
33935,18621952,4,400,2073,128,1
33939,18626240,4,400,933,4288,4
33940,18628928,4,400,1122,2688,1
33941,18630240,2,400,704,1312,1
33944,18632096,4,400,1012,1856,3
33945,18632384,4,400,823,288,1
33946,18633184,2,400,1523,800,1
33954,18638976,2,400,1091,5792,8
33957,18643904,4,400,878,4928,3
33958,18644768,4,400,726,864,1
33962,18648416,4,400,1068,3648,4
33965,18650048,2,0,307,1632,3
33972,18653664,2,400,922,3616,7
33976,18656160,2,400,774,2496,4
33982,18661344,4,400,763,5184,6
33991,18671744,4,400,841,10400,9
34021,18694272,4,400,1190,22528,30
34022,18694752,2,400,626,480,1
34023,18695456,4,400,1582,704,1
34025,18695840,2,400,639,384,2
34030,18702112,2,400,2016,6272,5
34031,18703296,2,400,769,1184,1
34038,18709152,4,400,1322,5856,7
34041,18713056,2,400,818,3904,3
34043,18713536,4,400,782,480,2
34045,18713792,4,400,1043,256,2
34055,18722272,4,400,592,8480,10
34059,18727328,2,400,867,5056,4
34062,18729280,4,400,1149,1952,3
34063,18729568,4,400,1557,288,1
34066,18731008,2,400,696,1440,3
34070,18732736,2,400,826,1728,4
34081,18740864,4,400,832,8128,11
34084,18746656,2,400,764,5792,3
34086,18748192,4,400,581,1536,2
34092,18752000,4,400,563,3808,6
34094,18755456,4,400,569,3456,2
34095,18755744,4,400,864,288,1
34101,18762944,4,400,575,7200,6
34104,18765888,2,400,1362,2944,3
34109,18768992,4,400,882,3104,5
34111,18769632,4,400,1060,640,2
34116,18773312,2,400,557,3680,5
34117,18775104,4,400,823,1792,1
34118,18776864,2,400,2851,1760,1
34119,18777408,2,400,1467,544,1
34123,18781856,4,400,2134,4448,4
34132,18787296,2,400,574,5440,9
34134,18790304,4,400,1963,3008,2
34138,18793568,4,400,794,3264,4
34139,18796640,2,400,570,3072,1
34150,18802816,4,400,560,6176,11
34151,18804960,4,400,552,2144,1
34154,18807584,4,400,959,2624,3
34158,18816320,4,400,582,8736,4
34174,18828672,4,0,385,12352,16
34177,18830848,2,400,726,2176,3
34185,18840320,4,400,726,9472,8
34187,18841120,2,400,676,800,2
34192,18843616,4,400,1351,2496,5
34194,18846592,2,400,758,2976,2
34195,18848288,2,400,856,1696,1
34197,18848512,4,400,791,224,2
34203,18856928,2,400,882,8416,6
34204,18858048,2,400,553,1120,1
34205,18858208,4,400,436,160,1
34206,18861792,4,400,645,3584,1
34208,18862560,4,400,630,768,2
34210,18866976,4,400,559,4416,2
34211,18868448,2,400,1045,1472,1
34212,18869952,2,400,670,1504,1
34213,18870784,4,400,1206,832,1
34215,18871552,4,400,1271,768,2
34218,18873760,4,400,778,2208,3
34219,18873824,4,400,952,64,1
34220,18873888,2,400,799,64,1
34227,18881408,2,400,729,7520,7
34231,18886624,4,400,613,5216,4
34233,18888640,4,400,1486,2016,2
34235,18889920,2,400,453,1280,2
34236,18890400,2,400,489,480,1
34237,18891264,2,400,627,864,1
34238,18891808,2,400,632,544,1
34240,18893568,4,400,737,1760,2
34241,18894656,2,400,652,1088,1
34244,18899456,4,400,1152,4800,3
34256,18912576,4,400,595,13120,12
34262,18917152,4,400,736,4576,6
34264,18919584,2,400,723,2432,2
34266,18920864,4,400,468,1280,2
34279,18934688,4,400,666,13824,13
34285,18941632,2,400,829,6944,6
34287,18944832,2,400,685,3200,2
34288,18946272,2,400,596,1440,1
34289,18946624,4,400,734,352,1
34291,18948480,4,400,978,1856,2
34292,18950336,4,400,660,1856,1
34293,18951168,4,400,2068,832,1
34294,18951872,2,400,1225,704,1
34295,18952096,4,400,543,224,1
34301,18957664,4,400,690,5568,6
34307,18966048,4,400,548,8384,6
34309,18967200,4,400,610,1152,2
34317,18975040,4,400,638,7840,8
34325,18981152,4,400,805,6112,8
34333,18987808,4,400,829,6656,8
34339,18992096,2,400,503,4288,6
34361,19014208,4,400,859,22112,22
34376,19028896,2,400,636,14688,15
34379,19030496,4,400,1485,1600,3
34391,19039456,4,400,1762,8960,12
34396,19042144,4,400,643,2688,5
34407,19050624,2,400,582,8480,11
34417,19060640,4,400,486,10016,10
34420,19060800,4,400,531,160,3
34427,19066912,4,400,1058,6112,7
34429,19068544,2,400,721,1632,2
34433,19070720,2,400,771,2176,4
34441,19081344,4,400,943,10624,8
34448,19084832,4,400,848,3488,7
34460,19099808,4,400,976,14976,12
34472,19108704,4,400,854,8896,12
34473,19109632,4,400,571,928,1
34479,19113152,2,400,884,3520,6
34491,19126048,2,400,1133,12896,12
34492,19126688,2,400,720,640,1
34495,19130752,4,400,634,4064,3
34496,19131232,2,400,617,480,1
34499,19132512,2,400,604,1280,3
34501,19133824,4,400,723,1312,2
34502,19135072,4,400,730,1248,1
34505,19141152,4,400,772,6080,3
34509,19143232,4,400,1049,2080,4
34520,19152256,2,400,655,9024,11
34522,19152864,4,400,629,608,2
34532,19162400,4,400,853,9536,10
34535,19164832,4,400,559,2432,3
34536,19166112,4,400,775,1280,1
34546,19170784,2,400,542,4672,10
34548,19175200,2,400,836,4416,2
34561,19187840,4,400,803,12640,13
34565,19190720,2,400,768,2880,4
34566,19190752,4,400,1698,32,1
34569,19191552,4,400,674,800,3
34571,19195264,4,400,2162,3712,2
34572,19195488,4,400,772,224,1
34577,19204224,4,400,588,8736,5
34582,19207392,2,400,613,3168,5
34584,19208704,2,400,626,1312,2
34587,19210848,4,400,627,2144,3
34589,19211520,4,400,686,672,2
34590,19212128,2,400,628,608,1
34598,19221600,4,400,1127,9472,8
34599,19223936,4,400,389,2336,1
34601,19225184,2,400,1076,1248,2
34607,19226720,4,400,800,1536,6
34613,19230624,4,400,577,3904,6
34614,19232128,4,400,605,1504,1
34616,19238528,4,400,1071,6400,2
34617,19239616,2,400,823,1088,1
34622,19243904,4,400,827,4288,5
34623,19244352,2,400,710,448,1
34632,19252320,4,400,703,7968,9
34640,19260672,2,400,543,8352,8
34641,19260928,4,400,584,256,1
34644,19264224,2,400,571,3296,3
34645,19266752,4,400,1639,2528,1
34648,19269248,4,400,777,2496,3
34649,19269600,4,400,660,352,1
34651,19271456,4,400,482,1856,2
34654,19273728,4,400,652,2272,3
34657,19277856,4,400,919,4128,3
34658,19278368,4,400,741,512,1
34659,19279328,4,400,471,960,1
34660,19279808,4,400,597,480,1
34662,19282368,4,400,999,2560,2
34663,19282528,4,400,943,160,1
34667,19287264,2,400,640,4736,4
34668,19288384,4,400,586,1120,1
34669,19289472,2,400,680,1088,1
34673,19294464,2,400,715,4992,4
34674,19295104,4,400,2184,640,1
34677,19295968,4,400,834,864,3
34681,19298240,2,400,919,2272,4
34685,19300608,4,400,1188,2368,4
34687,19303744,2,400,2037,3136,2
34688,19304576,2,400,688,832,1
34689,19305728,4,400,639,1152,1
34690,19305792,2,400,826,64,1
34700,19316608,2,400,1069,10816,10
34704,19321120,2,400,516,4512,4
34707,19321536,2,400,1001,416,3
34708,19321760,4,400,805,224,1
34710,19323392,4,400,903,1632,2
34717,19332736,4,400,841,9344,7
34718,19332832,4,400,660,96,1
34726,19339072,4,400,836,6240,8
34728,19341504,4,400,636,2432,2
34729,19342848,4,400,676,1344,1
34732,19345568,4,400,576,2720,3
34733,19345760,4,400,813,192,1
34737,19347904,2,400,720,2144,4
34738,19348128,4,400,787,224,1
34745,19355584,2,400,515,7456,7
34751,19360288,4,400,519,4704,6
34758,19367520,2,400,627,7232,7
34761,19369984,2,400,756,2464,3
34763,19371872,2,400,686,1888,2
34765,19373440,4,400,562,1568,2
34766,19374240,4,400,815,800,1
34769,19377408,2,400,681,3168,3
34771,19379040,2,400,1130,1632,2
34779,19391040,2,400,1049,12000,8
34785,19393824,4,400,1685,2784,6
34795,19405472,4,400,443,11648,10
34797,19405792,2,400,1059,320,2
34799,19407424,4,400,641,1632,2
34804,19411648,2,400,575,4224,5
34805,19411808,4,400,648,160,1
34811,19419040,2,400,533,7232,6
34822,19433088,4,400,1009,14048,11
34823,19436576,2,400,520,3488,1
34825,19436864,4,400,625,288,2
34826,19438272,4,400,963,1408,1
34832,19443136,4,400,659,4864,6
34837,19449728,4,400,1087,6592,5
34839,19454272,4,0,1702,4544,2
34842,19456480,4,400,621,2208,3
34845,19458240,2,400,570,1760,3
34846,19459264,2,400,571,1024,1
34855,19473344,4,400,737,14080,9
34856,19473696,4,400,450,352,1
34860,19478016,4,400,741,4320,4
34861,19478560,4,400,689,544,1
34864,19481280,4,400,1666,2720,3
34866,19485280,4,400,772,4000,2
34869,19490944,2,400,1021,5664,3
34871,19492192,2,400,740,1248,2
34873,19492768,4,400,714,576,2
34875,19493536,4,400,737,768,2
34878,19496608,2,400,633,3072,3
34880,19498976,4,400,800,2368,2
34881,19499232,4,400,797,256,1
34883,19502304,2,400,2237,3072,2
34889,19513184,4,400,615,10880,6
34890,19514080,4,400,758,896,1
34891,19514912,4,400,1670,832,1
34892,19515136,4,400,755,224,1
34894,19516672,2,400,750,1536,2
34895,19517824,4,400,782,1152,1
34898,19521728,4,400,702,3904,3
34900,19523840,4,400,660,2112,2
34901,19524000,4,400,677,160,1
34903,19526464,4,400,2543,2464,2
34909,19536736,2,400,842,10272,6
34918,19547488,2,400,577,10752,9
34926,19559328,4,400,647,11840,8
34932,19564512,4,400,969,5184,6
34935,19566272,4,400,1895,1760,3
34942,19578144,2,400,720,11872,7
34944,19580704,2,400,606,2560,2
34948,19586304,2,400,989,5600,4
34950,19588736,4,400,681,2432,2
34952,19589536,2,400,943,800,2
34953,19590304,2,400,578,768,1
34960,19599456,4,400,503,9152,7
34961,19600288,4,400,3205,832,1
34962,19601312,4,400,392,1024,1
34970,19606784,4,400,837,5472,8
34976,19616128,4,400,737,9344,6
34978,19616832,4,400,881,704,2
34979,19617088,4,400,961,256,1
34986,19622144,2,400,389,5056,7
34988,19622592,2,400,651,448,2
34989,19625216,4,400,804,2624,1
34999,19644960,4,400,866,19744,10
35004,19649760,4,400,766,4800,5
35007,19651584,2,400,563,1824,3
35010,19658944,2,400,678,7360,3
35015,19666592,4,400,578,7648,5
35016,19666848,4,400,773,256,1
35024,19674496,2,400,423,7648,8
35029,19680672,2,400,575,6176,5
35040,19694240,4,400,853,13568,11
35045,19698560,4,400,2694,4320,5
35047,19702176,4,400,1013,3616,2
35048,19702304,4,400,1107,128,1
35050,19703616,4,400,909,1312,2
35051,19705600,4,400,620,1984,1
35053,19709120,2,400,641,3520,2
35062,19717632,2,400,578,8512,9
35064,19719424,4,400,935,1792,2
35066,19722432,4,400,587,3008,2
35069,19726528,2,400,716,4096,3
35071,19728512,2,400,558,1984,2
35079,19737152,2,400,694,8640,8
35081,19741632,4,400,901,4480,2
35084,19745536,2,400,721,3904,3
35085,19748320,2,400,680,2784,1
35088,19750496,2,400,801,2176,3
35096,19759040,4,400,737,8544,8
35099,19764000,4,400,2296,4960,3
35101,19766016,4,400,1887,2016,2
35112,19775360,4,400,844,9344,11
35122,19791104,4,400,846,15744,10
35132,19808192,2,400,1183,17088,10
35138,19812352,4,400,1665,4160,6
35142,19817184,4,400,1135,4832,4
35144,19819296,4,400,1260,2112,2
35147,19822432,4,400,519,3136,3
35149,19823616,4,400,1556,1184,2
35152,19829632,2,400,546,6016,3
35167,19848320,2,400,766,18688,15
35184,19867552,4,400,523,19232,17
35187,19870368,2,400,689,2816,3
35192,19877984,2,400,635,7616,5
35194,19881600,4,400,1097,3616,2
35205,19895904,4,400,677,14304,11
35206,19899104,4,400,846,3200,1
35207,19900224,2,400,3211,1120,1
35208,19901760,4,400,629,1536,1
35218,19910208,4,400,712,8448,10
35224,19922208,2,400,638,12000,6
35243,19939488,4,400,966,17280,19
35244,19941088,4,400,560,1600,1
35249,19950656,2,400,854,9568,5
35256,19959520,4,400,779,8864,7
35257,19959744,4,400,648,224,1
35262,19962976,2,400,733,3232,5
35273,19976896,2,400,1241,13920,11
35277,19979168,2,400,787,2272,4
35281,19984000,4,400,650,4832,4
35288,19990944,2,400,873,6944,7
35290,19992672,2,400,807,1728,2
